precision,recall,f1(Async),precision,recall,f1(Conc),precision,recall,f1(Time),precision,recall,f1(UC),precision,recall,f1(OD),precision,recall,f1(Non-flaky)
0.4260526315789474,0.7910526315789475,0.5496052631578948,0.39054054054054055,0.27135135135135136,0.19783783783783784,0.7551515151515152,0.5793939393939396,0.6178787878787879,0.5395121951219513,0.46414634146341466,0.4841463414634147,0.8172043010752689,0.34419354838709676,0.4232258064516129,1.0,1.0,1.0
macro_f1= 0.5483333333333333
