precision,recall,f1(Async),precision,recall,f1(Conc),precision,recall,f1(Time),precision,recall,f1(UC),precision,recall,f1(OD),precision,recall,f1(Non-flaky)
0.5168421052631578,0.7503947368421052,0.6078947368421053,0.6191891891891892,0.3237837837837838,0.3597297297297297,0.7963636363636364,0.6675757575757576,0.7036363636363636,0.8463414634146342,0.7080487804878047,0.7536585365853659,0.7220430107526883,0.6029032258064516,0.6343010752688172,1.0,1.0,1.0
macro_f1= 0.6749999999999999
