precision,recall,f1(Async),precision,recall,f1(Conc),precision,recall,f1(Time),precision,recall,f1(UC),precision,recall,f1(OD),precision,recall,f1(Non-flaky)
0.03631578947368421,0.5643421052631579,0.06565789473684211,0.06162162162162162,0.4581081081081081,0.10486486486486486,0.03787878787878788,0.5457575757575757,0.07575757575757576,0.0,0.0,0.0,0.24870967741935482,0.020215053763440863,0.02763440860215054,0.9879732336628888,0.6494586448034724,0.7760622136484205
macro_f1= 0.1467857142857143
